tenor,par_yield
0.5,0.02819
1.0,0.03082
2.0,0.03482
3.0,0.03757
5.0,0.04081
7.0,0.04241
10.0,0.0435
20.0,0.04437
30.0,0.04458
